Id,Products_id,Transactions_id,quantity,Transactions,Products
38,181749,10100,30,{'Id': 10100},{'Id': 181749}
39,182248,10100,50,{'Id': 10100},{'Id': 182248}
40,184409,10100,22,{'Id': 10100},{'Id': 184409}
41,243969,10100,49,{'Id': 10100},{'Id': 243969}
42,182325,10101,25,{'Id': 10101},{'Id': 182325}
43,182795,10101,26,{'Id': 10101},{'Id': 182795}
44,241937,10101,45,{'Id': 10101},{'Id': 241937}
45,242022,10101,46,{'Id': 10101},{'Id': 242022}
46,181342,10102,39,{'Id': 10102},{'Id': 181342}
47,181367,10102,41,{'Id': 10102},{'Id': 181367}
48,101949,10103,26,{'Id': 10103},{'Id': 101949}
49,104962,10103,42,{'Id': 10103},{'Id': 104962}
50,121666,10103,27,{'Id': 10103},{'Id': 121666}
51,181097,10103,35,{'Id': 10103},{'Id': 181097}
52,182432,10103,22,{'Id': 10103},{'Id': 182432}
53,182949,10103,27,{'Id': 10103},{'Id': 182949}
54,182957,10103,35,{'Id': 10103},{'Id': 182957}
55,183136,10103,25,{'Id': 10103},{'Id': 183136}
56,183320,10103,46,{'Id': 10103},{'Id': 183320}
57,184600,10103,36,{'Id': 10103},{'Id': 184600}
58,184668,10103,41,{'Id': 10103},{'Id': 184668}
59,242300,10103,36,{'Id': 10103},{'Id': 242300}
60,244258,10103,25,{'Id': 10103},{'Id': 244258}
61,321268,10103,31,{'Id': 10103},{'Id': 321268}
62,323522,10103,45,{'Id': 10103},{'Id': 323522}
63,7002824,10103,42,{'Id': 10103},{'Id': 7002824}
64,123148,10104,34,{'Id': 10104},{'Id': 123148}
65,124473,10104,41,{'Id': 10104},{'Id': 124473}
66,182238,10104,24,{'Id': 10104},{'Id': 182238}
67,182319,10104,29,{'Id': 10104},{'Id': 182319}
68,183232,10104,23,{'Id': 10104},{'Id': 183232}
69,184027,10104,38,{'Id': 10104},{'Id': 184027}
70,241444,10104,35,{'Id': 10104},{'Id': 241444}
71,242840,10104,44,{'Id': 10104},{'Id': 242840}
72,244048,10104,26,{'Id': 10104},{'Id': 244048}
73,322509,10104,35,{'Id': 10104},{'Id': 322509}
74,323207,10104,49,{'Id': 10104},{'Id': 323207}
75,501392,10104,33,{'Id': 10104},{'Id': 501392}
76,501514,10104,32,{'Id': 10104},{'Id': 501514}
77,104757,10105,50,{'Id': 10105},{'Id': 104757}
78,121108,10105,41,{'Id': 10105},{'Id': 121108}
79,123891,10105,29,{'Id': 10105},{'Id': 123891}
80,183140,10105,22,{'Id': 10105},{'Id': 183140}
81,183259,10105,38,{'Id': 10105},{'Id': 183259}
82,184522,10105,41,{'Id': 10105},{'Id': 184522}
83,242011,10105,43,{'Id': 10105},{'Id': 242011}
84,243151,10105,44,{'Id': 10105},{'Id': 243151}
85,243816,10105,50,{'Id': 10105},{'Id': 243816}
86,7001138,10105,41,{'Id': 10105},{'Id': 7001138}
87,7001938,10105,29,{'Id': 10105},{'Id': 7001938}
88,7002610,10105,31,{'Id': 10105},{'Id': 7002610}
89,7003505,10105,39,{'Id': 10105},{'Id': 7003505}
90,7003962,10105,22,{'Id': 10105},{'Id': 7003962}
91,723212,10105,25,{'Id': 10105},{'Id': 723212}
92,181662,10106,36,{'Id': 10106},{'Id': 181662}
93,182581,10106,34,{'Id': 10106},{'Id': 182581}
94,183029,10106,41,{'Id': 10106},{'Id': 183029}
95,183856,10106,41,{'Id': 10106},{'Id': 183856}
96,241785,10106,28,{'Id': 10106},{'Id': 241785}
97,242841,10106,49,{'Id': 10106},{'Id': 242841}
98,243420,10106,31,{'Id': 10106},{'Id': 243420}
99,243949,10106,50,{'Id': 10106},{'Id': 243949}
100,244278,10106,26,{'Id': 10106},{'Id': 244278}
101,324289,10106,33,{'Id': 10106},{'Id': 324289}
102,501341,10106,39,{'Id': 10106},{'Id': 501341}
103,7001691,10106,31,{'Id': 10106},{'Id': 7001691}
104,7002047,10106,30,{'Id': 10106},{'Id': 7002047}
105,7002466,10106,34,{'Id': 10106},{'Id': 7002466}
106,7002834,10106,32,{'Id': 10106},{'Id': 7002834}
107,7003167,10106,44,{'Id': 10106},{'Id': 7003167}
108,7004002,10106,48,{'Id': 10106},{'Id': 7004002}
109,721253,10106,48,{'Id': 10106},{'Id': 721253}
110,101678,10107,30,{'Id': 10107},{'Id': 101678}
111,102016,10107,39,{'Id': 10107},{'Id': 102016}
112,104698,10107,27,{'Id': 10107},{'Id': 104698}
113,122823,10107,21,{'Id': 10107},{'Id': 122823}
114,182625,10107,29,{'Id': 10107},{'Id': 182625}
115,241578,10107,25,{'Id': 10107},{'Id': 241578}
116,242000,10107,38,{'Id': 10107},{'Id': 242000}
117,321374,10107,20,{'Id': 10107},{'Id': 321374}
118,121099,10108,33,{'Id': 10108},{'Id': 121099}
119,123380,10108,45,{'Id': 10108},{'Id': 123380}
120,123990,10108,39,{'Id': 10108},{'Id': 123990}
121,124675,10108,36,{'Id': 10108},{'Id': 124675}
122,181889,10108,38,{'Id': 10108},{'Id': 181889}
123,183278,10108,26,{'Id': 10108},{'Id': 183278}
124,183482,10108,29,{'Id': 10108},{'Id': 183482}
125,183782,10108,43,{'Id': 10108},{'Id': 183782}
126,184721,10108,44,{'Id': 10108},{'Id': 184721}
127,242360,10108,35,{'Id': 10108},{'Id': 242360}
128,243371,10108,30,{'Id': 10108},{'Id': 243371}
129,243856,10108,40,{'Id': 10108},{'Id': 243856}
130,244620,10108,31,{'Id': 10108},{'Id': 244620}
131,322206,10108,27,{'Id': 10108},{'Id': 322206}
132,324485,10108,31,{'Id': 10108},{'Id': 324485}
133,504713,10108,34,{'Id': 10108},{'Id': 504713}
134,181129,10109,26,{'Id': 10109},{'Id': 181129}
135,181984,10109,38,{'Id': 10109},{'Id': 181984}
136,182870,10109,26,{'Id': 10109},{'Id': 182870}
137,183232,10109,46,{'Id': 10109},{'Id': 183232}
138,183685,10109,47,{'Id': 10109},{'Id': 183685}
139,242972,10109,29,{'Id': 10109},{'Id': 242972}
140,181589,10110,37,{'Id': 10110},{'Id': 181589}
141,181749,10110,42,{'Id': 10110},{'Id': 181749}
142,182248,10110,32,{'Id': 10110},{'Id': 182248}
143,182325,10110,33,{'Id': 10110},{'Id': 182325}
144,182795,10110,31,{'Id': 10110},{'Id': 182795}
145,184409,10110,28,{'Id': 10110},{'Id': 184409}
146,184933,10110,42,{'Id': 10110},{'Id': 184933}
147,241046,10110,36,{'Id': 10110},{'Id': 241046}
148,241628,10110,29,{'Id': 10110},{'Id': 241628}
149,241937,10110,20,{'Id': 10110},{'Id': 241937}
150,242022,10110,39,{'Id': 10110},{'Id': 242022}
151,242766,10110,43,{'Id': 10110},{'Id': 242766}
152,242887,10110,46,{'Id': 10110},{'Id': 242887}
153,243191,10110,27,{'Id': 10110},{'Id': 243191}
154,243432,10110,37,{'Id': 10110},{'Id': 243432}
155,243969,10110,48,{'Id': 10110},{'Id': 243969}
156,181342,10111,33,{'Id': 10111},{'Id': 181342}
157,181367,10111,48,{'Id': 10111},{'Id': 181367}
158,182957,10111,28,{'Id': 10111},{'Id': 182957}
159,183136,10111,43,{'Id': 10111},{'Id': 183136}
160,183320,10111,39,{'Id': 10111},{'Id': 183320}
161,244258,10111,26,{'Id': 10111},{'Id': 244258}
162,101949,10112,29,{'Id': 10112},{'Id': 101949}
163,182949,10112,23,{'Id': 10112},{'Id': 182949}
164,121666,10113,21,{'Id': 10113},{'Id': 121666}
165,181097,10113,49,{'Id': 10113},{'Id': 181097}
166,184668,10113,50,{'Id': 10113},{'Id': 184668}
167,323522,10113,23,{'Id': 10113},{'Id': 323522}
168,104962,10114,31,{'Id': 10114},{'Id': 104962}
169,182319,10114,39,{'Id': 10114},{'Id': 182319}
170,182432,10114,45,{'Id': 10114},{'Id': 182432}
171,183232,10114,48,{'Id': 10114},{'Id': 183232}
172,184600,10114,41,{'Id': 10114},{'Id': 184600}
173,242300,10114,21,{'Id': 10114},{'Id': 242300}
174,242840,10114,24,{'Id': 10114},{'Id': 242840}
175,321268,10114,32,{'Id': 10114},{'Id': 321268}
176,322509,10114,28,{'Id': 10114},{'Id': 322509}
177,7002824,10114,42,{'Id': 10114},{'Id': 7002824}
178,124473,10115,46,{'Id': 10115},{'Id': 124473}
179,182238,10115,46,{'Id': 10115},{'Id': 182238}
180,241444,10115,47,{'Id': 10115},{'Id': 241444}
181,244048,10115,44,{'Id': 10115},{'Id': 244048}
182,501392,10115,27,{'Id': 10115},{'Id': 501392}
183,323207,10116,27,{'Id': 10116},{'Id': 323207}
184,121108,10117,33,{'Id': 10117},{'Id': 121108}
185,123148,10117,43,{'Id': 10117},{'Id': 123148}
186,123891,10117,39,{'Id': 10117},{'Id': 123891}
187,183140,10117,26,{'Id': 10117},{'Id': 183140}
188,183259,10117,21,{'Id': 10117},{'Id': 183259}
189,184027,10117,22,{'Id': 10117},{'Id': 184027}
190,184522,10117,23,{'Id': 10117},{'Id': 184522}
191,242011,10117,41,{'Id': 10117},{'Id': 242011}
192,501514,10117,21,{'Id': 10117},{'Id': 501514}
193,7001938,10117,38,{'Id': 10117},{'Id': 7001938}
194,7003962,10117,45,{'Id': 10117},{'Id': 7003962}
195,723212,10117,50,{'Id': 10117},{'Id': 723212}
196,7003505,10118,36,{'Id': 10118},{'Id': 7003505}
197,104757,10119,46,{'Id': 10119},{'Id': 104757}
198,181662,10119,43,{'Id': 10119},{'Id': 181662}
199,183029,10119,21,{'Id': 10119},{'Id': 183029}
200,183856,10119,27,{'Id': 10119},{'Id': 183856}
201,242841,10119,41,{'Id': 10119},{'Id': 242841}
202,243151,10119,35,{'Id': 10119},{'Id': 243151}
203,243420,10119,20,{'Id': 10119},{'Id': 243420}
204,243816,10119,35,{'Id': 10119},{'Id': 243816}
205,243949,10119,28,{'Id': 10119},{'Id': 243949}
206,7001138,10119,25,{'Id': 10119},{'Id': 7001138}
207,7002047,10119,29,{'Id': 10119},{'Id': 7002047}
208,7002610,10119,38,{'Id': 10119},{'Id': 7002610}
209,7004002,10119,26,{'Id': 10119},{'Id': 7004002}
210,721253,10119,28,{'Id': 10119},{'Id': 721253}
211,102016,10120,29,{'Id': 10120},{'Id': 102016}
212,104698,10120,46,{'Id': 10120},{'Id': 104698}
213,182581,10120,29,{'Id': 10120},{'Id': 182581}
214,182625,10120,46,{'Id': 10120},{'Id': 182625}
215,241578,10120,35,{'Id': 10120},{'Id': 241578}
216,241785,10120,39,{'Id': 10120},{'Id': 241785}
217,242000,10120,34,{'Id': 10120},{'Id': 242000}
218,244278,10120,29,{'Id': 10120},{'Id': 244278}
219,321374,10120,22,{'Id': 10120},{'Id': 321374}
220,324289,10120,29,{'Id': 10120},{'Id': 324289}
221,501341,10120,49,{'Id': 10120},{'Id': 501341}
222,7001691,10120,47,{'Id': 10120},{'Id': 7001691}
223,7002466,10120,24,{'Id': 10120},{'Id': 7002466}
224,7002834,10120,24,{'Id': 10120},{'Id': 7002834}
225,7003167,10120,43,{'Id': 10120},{'Id': 7003167}
226,101678,10121,34,{'Id': 10121},{'Id': 101678}
227,122823,10121,50,{'Id': 10121},{'Id': 122823}
228,242360,10121,32,{'Id': 10121},{'Id': 242360}
229,324485,10121,25,{'Id': 10121},{'Id': 324485}
230,504713,10121,44,{'Id': 10121},{'Id': 504713}
231,121099,10122,42,{'Id': 10122},{'Id': 121099}
232,123380,10122,37,{'Id': 10122},{'Id': 123380}
233,123990,10122,32,{'Id': 10122},{'Id': 123990}
234,124675,10122,20,{'Id': 10122},{'Id': 124675}
235,181129,10122,34,{'Id': 10122},{'Id': 181129}
236,181889,10122,43,{'Id': 10122},{'Id': 181889}
237,181984,10122,31,{'Id': 10122},{'Id': 181984}
238,183232,10122,25,{'Id': 10122},{'Id': 183232}
239,183278,10122,21,{'Id': 10122},{'Id': 183278}
240,183482,10122,21,{'Id': 10122},{'Id': 183482}
241,183782,10122,35,{'Id': 10122},{'Id': 183782}
242,184721,10122,28,{'Id': 10122},{'Id': 184721}
243,242972,10122,39,{'Id': 10122},{'Id': 242972}
244,243371,10122,34,{'Id': 10122},{'Id': 243371}
245,243856,10122,43,{'Id': 10122},{'Id': 243856}
246,244620,10122,29,{'Id': 10122},{'Id': 244620}
247,322206,10122,31,{'Id': 10122},{'Id': 322206}
248,181589,10123,26,{'Id': 10123},{'Id': 181589}
249,182870,10123,46,{'Id': 10123},{'Id': 182870}
250,183685,10123,34,{'Id': 10123},{'Id': 183685}
251,241628,10123,50,{'Id': 10123},{'Id': 241628}
252,181749,10124,21,{'Id': 10124},{'Id': 181749}
253,182248,10124,42,{'Id': 10124},{'Id': 182248}
254,182325,10124,42,{'Id': 10124},{'Id': 182325}
255,184409,10124,36,{'Id': 10124},{'Id': 184409}
256,184933,10124,23,{'Id': 10124},{'Id': 184933}
257,241046,10124,22,{'Id': 10124},{'Id': 241046}
258,241937,10124,45,{'Id': 10124},{'Id': 241937}
259,242022,10124,22,{'Id': 10124},{'Id': 242022}
260,242766,10124,32,{'Id': 10124},{'Id': 242766}
261,242887,10124,25,{'Id': 10124},{'Id': 242887}
262,243191,10124,49,{'Id': 10124},{'Id': 243191}
263,243432,10124,43,{'Id': 10124},{'Id': 243432}
264,243969,10124,46,{'Id': 10124},{'Id': 243969}
265,181342,10125,32,{'Id': 10125},{'Id': 181342}
266,182795,10125,34,{'Id': 10125},{'Id': 182795}
267,101949,10126,38,{'Id': 10126},{'Id': 101949}
268,104962,10126,22,{'Id': 10126},{'Id': 104962}
269,121666,10126,21,{'Id': 10126},{'Id': 121666}
270,181097,10126,38,{'Id': 10126},{'Id': 181097}
271,181367,10126,42,{'Id': 10126},{'Id': 181367}
272,182432,10126,43,{'Id': 10126},{'Id': 182432}
273,182949,10126,31,{'Id': 10126},{'Id': 182949}
274,182957,10126,46,{'Id': 10126},{'Id': 182957}
275,183136,10126,30,{'Id': 10126},{'Id': 183136}
276,183320,10126,38,{'Id': 10126},{'Id': 183320}
277,184600,10126,50,{'Id': 10126},{'Id': 184600}
278,184668,10126,43,{'Id': 10126},{'Id': 184668}
279,242300,10126,27,{'Id': 10126},{'Id': 242300}
280,244258,10126,34,{'Id': 10126},{'Id': 244258}
281,321268,10126,43,{'Id': 10126},{'Id': 321268}
282,323522,10126,26,{'Id': 10126},{'Id': 323522}
283,7002824,10126,45,{'Id': 10126},{'Id': 7002824}
284,121108,10127,46,{'Id': 10127},{'Id': 121108}
285,123148,10127,46,{'Id': 10127},{'Id': 123148}
286,123891,10127,42,{'Id': 10127},{'Id': 123891}
287,124473,10127,24,{'Id': 10127},{'Id': 124473}
288,182238,10127,45,{'Id': 10127},{'Id': 182238}
289,182319,10127,45,{'Id': 10127},{'Id': 182319}
290,183232,10127,22,{'Id': 10127},{'Id': 183232}
291,184027,10127,25,{'Id': 10127},{'Id': 184027}
292,241444,10127,20,{'Id': 10127},{'Id': 241444}
293,242840,10127,39,{'Id': 10127},{'Id': 242840}
294,244048,10127,20,{'Id': 10127},{'Id': 244048}
295,322509,10127,45,{'Id': 10127},{'Id': 322509}
296,323207,10127,29,{'Id': 10127},{'Id': 323207}
297,501392,10127,46,{'Id': 10127},{'Id': 501392}
298,501514,10127,46,{'Id': 10127},{'Id': 501514}
299,183140,10128,41,{'Id': 10128},{'Id': 183140}
300,183259,10128,41,{'Id': 10128},{'Id': 183259}
301,184522,10128,43,{'Id': 10128},{'Id': 184522}
302,7001938,10128,32,{'Id': 10128},{'Id': 7001938}
303,104757,10129,33,{'Id': 10129},{'Id': 104757}
304,242011,10129,45,{'Id': 10129},{'Id': 242011}
305,243151,10129,41,{'Id': 10129},{'Id': 243151}
306,243816,10129,50,{'Id': 10129},{'Id': 243816}
307,7001138,10129,31,{'Id': 10129},{'Id': 7001138}
308,7002610,10129,45,{'Id': 10129},{'Id': 7002610}
309,7003505,10129,42,{'Id': 10129},{'Id': 7003505}
310,7003962,10129,30,{'Id': 10129},{'Id': 7003962}
311,723212,10129,32,{'Id': 10129},{'Id': 723212}
312,183029,10130,40,{'Id': 10130},{'Id': 183029}
313,183856,10130,33,{'Id': 10130},{'Id': 183856}
314,181662,10131,21,{'Id': 10131},{'Id': 181662}
315,242841,10131,35,{'Id': 10131},{'Id': 242841}
316,243420,10131,29,{'Id': 10131},{'Id': 243420}
317,243949,10131,50,{'Id': 10131},{'Id': 243949}
318,7002047,10131,22,{'Id': 10131},{'Id': 7002047}
319,7002466,10131,40,{'Id': 10131},{'Id': 7002466}
320,7004002,10131,26,{'Id': 10131},{'Id': 7004002}
321,721253,10131,21,{'Id': 10131},{'Id': 721253}
322,7003167,10132,36,{'Id': 10132},{'Id': 7003167}
323,182581,10133,49,{'Id': 10133},{'Id': 182581}
324,241785,10133,41,{'Id': 10133},{'Id': 241785}
325,244278,10133,46,{'Id': 10133},{'Id': 244278}
326,321374,10133,23,{'Id': 10133},{'Id': 321374}
327,324289,10133,49,{'Id': 10133},{'Id': 324289}
328,501341,10133,27,{'Id': 10133},{'Id': 501341}
329,7001691,10133,24,{'Id': 10133},{'Id': 7001691}
330,7002834,10133,27,{'Id': 10133},{'Id': 7002834}
331,101678,10134,41,{'Id': 10134},{'Id': 101678}
332,102016,10134,27,{'Id': 10134},{'Id': 102016}
333,104698,10134,31,{'Id': 10134},{'Id': 104698}
334,122823,10134,20,{'Id': 10134},{'Id': 122823}
335,182625,10134,30,{'Id': 10134},{'Id': 182625}
336,241578,10134,35,{'Id': 10134},{'Id': 241578}
337,242000,10134,43,{'Id': 10134},{'Id': 242000}
338,121099,10135,42,{'Id': 10135},{'Id': 121099}
339,123380,10135,48,{'Id': 10135},{'Id': 123380}
340,123990,10135,24,{'Id': 10135},{'Id': 123990}
341,124675,10135,29,{'Id': 10135},{'Id': 124675}
342,181889,10135,48,{'Id': 10135},{'Id': 181889}
343,183278,10135,45,{'Id': 10135},{'Id': 183278}
344,183482,10135,42,{'Id': 10135},{'Id': 183482}
345,183782,10135,45,{'Id': 10135},{'Id': 183782}
346,184721,10135,31,{'Id': 10135},{'Id': 184721}
347,242360,10135,29,{'Id': 10135},{'Id': 242360}
348,242972,10135,20,{'Id': 10135},{'Id': 242972}
349,243371,10135,27,{'Id': 10135},{'Id': 243371}
350,243856,10135,47,{'Id': 10135},{'Id': 243856}
351,244620,10135,23,{'Id': 10135},{'Id': 244620}
352,322206,10135,33,{'Id': 10135},{'Id': 322206}
353,324485,10135,30,{'Id': 10135},{'Id': 324485}
354,504713,10135,44,{'Id': 10135},{'Id': 504713}
355,181129,10136,25,{'Id': 10136},{'Id': 181129}
356,181984,10136,36,{'Id': 10136},{'Id': 181984}
357,183232,10136,41,{'Id': 10136},{'Id': 183232}
358,181589,10137,44,{'Id': 10137},{'Id': 181589}
359,182870,10137,37,{'Id': 10137},{'Id': 182870}
360,183685,10137,31,{'Id': 10137},{'Id': 183685}
361,241628,10137,26,{'Id': 10137},{'Id': 241628}
362,181749,10138,33,{'Id': 10138},{'Id': 181749}
363,182248,10138,22,{'Id': 10138},{'Id': 182248}
364,182325,10138,38,{'Id': 10138},{'Id': 182325}
365,184409,10138,47,{'Id': 10138},{'Id': 184409}
366,184933,10138,23,{'Id': 10138},{'Id': 184933}
367,241046,10138,45,{'Id': 10138},{'Id': 241046}
368,241937,10138,22,{'Id': 10138},{'Id': 241937}
369,242022,10138,33,{'Id': 10138},{'Id': 242022}
370,242766,10138,28,{'Id': 10138},{'Id': 242766}
371,242887,10138,30,{'Id': 10138},{'Id': 242887}
372,243191,10138,49,{'Id': 10138},{'Id': 243191}
373,243432,10138,21,{'Id': 10138},{'Id': 243432}
374,243969,10138,29,{'Id': 10138},{'Id': 243969}
375,181342,10139,31,{'Id': 10139},{'Id': 181342}
376,181367,10139,49,{'Id': 10139},{'Id': 181367}
377,182795,10139,41,{'Id': 10139},{'Id': 182795}
378,182949,10139,46,{'Id': 10139},{'Id': 182949}
379,182957,10139,20,{'Id': 10139},{'Id': 182957}
380,183136,10139,20,{'Id': 10139},{'Id': 183136}
381,183320,10139,30,{'Id': 10139},{'Id': 183320}
382,244258,10139,29,{'Id': 10139},{'Id': 244258}
383,101949,10140,37,{'Id': 10140},{'Id': 101949}
384,104962,10140,26,{'Id': 10140},{'Id': 104962}
385,121666,10140,38,{'Id': 10140},{'Id': 121666}
386,181097,10140,32,{'Id': 10140},{'Id': 181097}
387,182432,10140,46,{'Id': 10140},{'Id': 182432}
388,184600,10140,40,{'Id': 10140},{'Id': 184600}
389,184668,10140,29,{'Id': 10140},{'Id': 184668}
390,242300,10140,47,{'Id': 10140},{'Id': 242300}
391,321268,10140,26,{'Id': 10140},{'Id': 321268}
392,323522,10140,28,{'Id': 10140},{'Id': 323522}
393,7002824,10140,36,{'Id': 10140},{'Id': 7002824}
394,124473,10141,21,{'Id': 10141},{'Id': 124473}
395,182238,10141,39,{'Id': 10141},{'Id': 182238}
396,182319,10141,47,{'Id': 10141},{'Id': 182319}
397,183232,10141,34,{'Id': 10141},{'Id': 183232}
398,241444,10141,20,{'Id': 10141},{'Id': 241444}
399,242840,10141,21,{'Id': 10141},{'Id': 242840}
400,244048,10141,40,{'Id': 10141},{'Id': 244048}
401,322509,10141,24,{'Id': 10141},{'Id': 322509}
402,501392,10141,44,{'Id': 10141},{'Id': 501392}
403,121108,10142,33,{'Id': 10142},{'Id': 121108}
404,123148,10142,33,{'Id': 10142},{'Id': 123148}
405,123891,10142,46,{'Id': 10142},{'Id': 123891}
406,183140,10142,47,{'Id': 10142},{'Id': 183140}
407,183259,10142,22,{'Id': 10142},{'Id': 183259}
408,184027,10142,24,{'Id': 10142},{'Id': 184027}
409,184522,10142,24,{'Id': 10142},{'Id': 184522}
410,242011,10142,33,{'Id': 10142},{'Id': 242011}
411,243151,10142,49,{'Id': 10142},{'Id': 243151}
412,323207,10142,42,{'Id': 10142},{'Id': 323207}
413,501514,10142,42,{'Id': 10142},{'Id': 501514}
414,7001138,10142,41,{'Id': 10142},{'Id': 7001138}
415,7001938,10142,43,{'Id': 10142},{'Id': 7001938}
416,7003505,10142,21,{'Id': 10142},{'Id': 7003505}
417,7003962,10142,38,{'Id': 10142},{'Id': 7003962}
418,723212,10142,39,{'Id': 10142},{'Id': 723212}
419,104757,10143,49,{'Id': 10143},{'Id': 104757}
420,181662,10143,32,{'Id': 10143},{'Id': 181662}
421,183029,10143,46,{'Id': 10143},{'Id': 183029}
422,183856,10143,34,{'Id': 10143},{'Id': 183856}
423,242841,10143,27,{'Id': 10143},{'Id': 242841}
424,243420,10143,33,{'Id': 10143},{'Id': 243420}
425,243816,10143,23,{'Id': 10143},{'Id': 243816}
426,243949,10143,28,{'Id': 10143},{'Id': 243949}
427,501341,10143,34,{'Id': 10143},{'Id': 501341}
428,7001691,10143,36,{'Id': 10143},{'Id': 7001691}
429,7002047,10143,26,{'Id': 10143},{'Id': 7002047}
430,7002466,10143,26,{'Id': 10143},{'Id': 7002466}
431,7002610,10143,31,{'Id': 10143},{'Id': 7002610}
432,7003167,10143,28,{'Id': 10143},{'Id': 7003167}
433,7004002,10143,34,{'Id': 10143},{'Id': 7004002}
434,721253,10143,37,{'Id': 10143},{'Id': 721253}
435,324289,10144,20,{'Id': 10144},{'Id': 324289}
436,101678,10145,45,{'Id': 10145},{'Id': 101678}
437,102016,10145,37,{'Id': 10145},{'Id': 102016}
438,104698,10145,33,{'Id': 10145},{'Id': 104698}
439,122823,10145,49,{'Id': 10145},{'Id': 122823}
440,182581,10145,30,{'Id': 10145},{'Id': 182581}
441,182625,10145,30,{'Id': 10145},{'Id': 182625}
442,241578,10145,43,{'Id': 10145},{'Id': 241578}
443,241785,10145,40,{'Id': 10145},{'Id': 241785}
444,242000,10145,47,{'Id': 10145},{'Id': 242000}
445,242360,10145,27,{'Id': 10145},{'Id': 242360}
446,244278,10145,33,{'Id': 10145},{'Id': 244278}
447,321374,10145,33,{'Id': 10145},{'Id': 321374}
448,322206,10145,31,{'Id': 10145},{'Id': 322206}
449,324485,10145,27,{'Id': 10145},{'Id': 324485}
450,504713,10145,38,{'Id': 10145},{'Id': 504713}
451,7002834,10145,20,{'Id': 10145},{'Id': 7002834}
452,183782,10146,47,{'Id': 10146},{'Id': 183782}
453,184721,10146,29,{'Id': 10146},{'Id': 184721}
454,121099,10147,48,{'Id': 10147},{'Id': 121099}
455,123380,10147,31,{'Id': 10147},{'Id': 123380}
456,123990,10147,21,{'Id': 10147},{'Id': 123990}
457,124675,10147,33,{'Id': 10147},{'Id': 124675}
458,181889,10147,26,{'Id': 10147},{'Id': 181889}
459,183278,10147,36,{'Id': 10147},{'Id': 183278}
460,183482,10147,37,{'Id': 10147},{'Id': 183482}
461,242972,10147,25,{'Id': 10147},{'Id': 242972}
462,243371,10147,30,{'Id': 10147},{'Id': 243371}
463,243856,10147,23,{'Id': 10147},{'Id': 243856}
464,244620,10147,31,{'Id': 10147},{'Id': 244620}
465,181129,10148,23,{'Id': 10148},{'Id': 181129}
466,181589,10148,47,{'Id': 10148},{'Id': 181589}
467,181984,10148,25,{'Id': 10148},{'Id': 181984}
468,182870,10148,27,{'Id': 10148},{'Id': 182870}
469,183232,10148,32,{'Id': 10148},{'Id': 183232}
470,183685,10148,28,{'Id': 10148},{'Id': 183685}
471,184409,10148,34,{'Id': 10148},{'Id': 184409}
472,184933,10148,29,{'Id': 10148},{'Id': 184933}
473,241046,10148,25,{'Id': 10148},{'Id': 241046}
474,241628,10148,47,{'Id': 10148},{'Id': 241628}
475,242766,10148,21,{'Id': 10148},{'Id': 242766}
476,242887,10148,34,{'Id': 10148},{'Id': 242887}
477,243191,10148,31,{'Id': 10148},{'Id': 243191}
478,243432,10148,27,{'Id': 10148},{'Id': 243432}
479,181342,10149,50,{'Id': 10149},{'Id': 181342}
480,181367,10149,30,{'Id': 10149},{'Id': 181367}
481,181749,10149,34,{'Id': 10149},{'Id': 181749}
482,182248,10149,24,{'Id': 10149},{'Id': 182248}
483,182325,10149,33,{'Id': 10149},{'Id': 182325}
484,182795,10149,23,{'Id': 10149},{'Id': 182795}
485,183320,10149,42,{'Id': 10149},{'Id': 183320}
486,241937,10149,36,{'Id': 10149},{'Id': 241937}
487,242022,10149,49,{'Id': 10149},{'Id': 242022}
488,243969,10149,26,{'Id': 10149},{'Id': 243969}
489,244258,10149,20,{'Id': 10149},{'Id': 244258}
490,101949,10150,45,{'Id': 10150},{'Id': 101949}
491,104962,10150,20,{'Id': 10150},{'Id': 104962}
492,121666,10150,30,{'Id': 10150},{'Id': 121666}
493,181097,10150,34,{'Id': 10150},{'Id': 181097}
494,182949,10150,47,{'Id': 10150},{'Id': 182949}
495,182957,10150,30,{'Id': 10150},{'Id': 182957}
496,183136,10150,26,{'Id': 10150},{'Id': 183136}
497,184600,10150,49,{'Id': 10150},{'Id': 184600}
498,184668,10150,30,{'Id': 10150},{'Id': 184668}
499,323522,10150,49,{'Id': 10150},{'Id': 323522}
500,7002824,10150,20,{'Id': 10150},{'Id': 7002824}
501,124473,10151,24,{'Id': 10151},{'Id': 124473}
502,182238,10151,43,{'Id': 10151},{'Id': 182238}
503,182319,10151,49,{'Id': 10151},{'Id': 182319}
504,182432,10151,39,{'Id': 10151},{'Id': 182432}
505,183232,10151,21,{'Id': 10151},{'Id': 183232}
506,242300,10151,42,{'Id': 10151},{'Id': 242300}
507,242840,10151,30,{'Id': 10151},{'Id': 242840}
508,321268,10151,27,{'Id': 10151},{'Id': 321268}
509,322509,10151,41,{'Id': 10151},{'Id': 322509}
510,501392,10151,26,{'Id': 10151},{'Id': 501392}
511,184027,10152,35,{'Id': 10152},{'Id': 184027}
512,241444,10152,25,{'Id': 10152},{'Id': 241444}
513,244048,10152,23,{'Id': 10152},{'Id': 244048}
514,323207,10152,33,{'Id': 10152},{'Id': 323207}
515,121108,10153,20,{'Id': 10153},{'Id': 121108}
516,123148,10153,42,{'Id': 10153},{'Id': 123148}
517,123891,10153,49,{'Id': 10153},{'Id': 123891}
518,183140,10153,31,{'Id': 10153},{'Id': 183140}
519,183259,10153,29,{'Id': 10153},{'Id': 183259}
520,184522,10153,22,{'Id': 10153},{'Id': 184522}
521,242011,10153,40,{'Id': 10153},{'Id': 242011}
522,501514,10153,31,{'Id': 10153},{'Id': 501514}
523,7001138,10153,43,{'Id': 10153},{'Id': 7001138}
524,7001938,10153,31,{'Id': 10153},{'Id': 7001938}
525,7003505,10153,50,{'Id': 10153},{'Id': 7003505}
526,7003962,10153,20,{'Id': 10153},{'Id': 7003962}
527,723212,10153,50,{'Id': 10153},{'Id': 723212}
528,243151,10154,31,{'Id': 10154},{'Id': 243151}
529,7002610,10154,36,{'Id': 10154},{'Id': 7002610}
530,104757,10155,32,{'Id': 10155},{'Id': 104757}
531,181662,10155,38,{'Id': 10155},{'Id': 181662}
532,183029,10155,44,{'Id': 10155},{'Id': 183029}
533,183856,10155,29,{'Id': 10155},{'Id': 183856}
534,242841,10155,23,{'Id': 10155},{'Id': 242841}
535,243420,10155,34,{'Id': 10155},{'Id': 243420}
536,243816,10155,37,{'Id': 10155},{'Id': 243816}
537,243949,10155,44,{'Id': 10155},{'Id': 243949}
538,7002047,10155,32,{'Id': 10155},{'Id': 7002047}
539,7002466,10155,20,{'Id': 10155},{'Id': 7002466}
540,7003167,10155,43,{'Id': 10155},{'Id': 7003167}
541,7004002,10155,44,{'Id': 10155},{'Id': 7004002}
542,721253,10155,34,{'Id': 10155},{'Id': 721253}
543,501341,10156,20,{'Id': 10156},{'Id': 501341}
544,7001691,10156,48,{'Id': 10156},{'Id': 7001691}
545,182581,10157,33,{'Id': 10157},{'Id': 182581}
546,241785,10157,40,{'Id': 10157},{'Id': 241785}
547,244278,10157,33,{'Id': 10157},{'Id': 244278}
548,321374,10157,34,{'Id': 10157},{'Id': 321374}
549,324289,10157,28,{'Id': 10157},{'Id': 324289}
550,7002834,10157,48,{'Id': 10157},{'Id': 7002834}
551,242000,10158,22,{'Id': 10158},{'Id': 242000}
552,101678,10159,49,{'Id': 10159},{'Id': 101678}
553,102016,10159,37,{'Id': 10159},{'Id': 102016}
554,104698,10159,22,{'Id': 10159},{'Id': 104698}
555,121099,10159,41,{'Id': 10159},{'Id': 121099}
556,122823,10159,38,{'Id': 10159},{'Id': 122823}
557,123990,10159,24,{'Id': 10159},{'Id': 123990}
558,182625,10159,42,{'Id': 10159},{'Id': 182625}
559,183278,10159,21,{'Id': 10159},{'Id': 183278}
560,183482,10159,25,{'Id': 10159},{'Id': 183482}
561,183782,10159,21,{'Id': 10159},{'Id': 183782}
562,184721,10159,32,{'Id': 10159},{'Id': 184721}
563,241578,10159,44,{'Id': 10159},{'Id': 241578}
564,242360,10159,27,{'Id': 10159},{'Id': 242360}
565,243371,10159,50,{'Id': 10159},{'Id': 243371}
566,244620,10159,23,{'Id': 10159},{'Id': 244620}
567,322206,10159,35,{'Id': 10159},{'Id': 322206}
568,324485,10159,23,{'Id': 10159},{'Id': 324485}
569,504713,10159,31,{'Id': 10159},{'Id': 504713}
570,123380,10160,46,{'Id': 10160},{'Id': 123380}
571,124675,10160,50,{'Id': 10160},{'Id': 124675}
572,181889,10160,38,{'Id': 10160},{'Id': 181889}
573,183232,10160,20,{'Id': 10160},{'Id': 183232}
574,242972,10160,42,{'Id': 10160},{'Id': 242972}
575,243856,10160,35,{'Id': 10160},{'Id': 243856}
576,181129,10161,28,{'Id': 10161},{'Id': 181129}
577,181589,10161,43,{'Id': 10161},{'Id': 181589}
578,181984,10161,48,{'Id': 10161},{'Id': 181984}
579,182870,10161,23,{'Id': 10161},{'Id': 182870}
580,183685,10161,36,{'Id': 10161},{'Id': 183685}
581,184933,10161,25,{'Id': 10161},{'Id': 184933}
582,241046,10161,37,{'Id': 10161},{'Id': 241046}
583,241628,10161,23,{'Id': 10161},{'Id': 241628}
584,242766,10161,20,{'Id': 10161},{'Id': 242766}
585,242887,10161,25,{'Id': 10161},{'Id': 242887}
586,243191,10161,20,{'Id': 10161},{'Id': 243191}
587,243432,10161,30,{'Id': 10161},{'Id': 243432}
588,181342,10162,48,{'Id': 10162},{'Id': 181342}
589,181367,10162,45,{'Id': 10162},{'Id': 181367}
590,181749,10162,29,{'Id': 10162},{'Id': 181749}
591,182248,10162,27,{'Id': 10162},{'Id': 182248}
592,182325,10162,38,{'Id': 10162},{'Id': 182325}
593,182795,10162,48,{'Id': 10162},{'Id': 182795}
594,184409,10162,39,{'Id': 10162},{'Id': 184409}
595,241937,10162,37,{'Id': 10162},{'Id': 241937}
596,242022,10162,43,{'Id': 10162},{'Id': 242022}
597,243969,10162,37,{'Id': 10162},{'Id': 243969}
598,101949,10163,21,{'Id': 10163},{'Id': 101949}
599,182949,10163,31,{'Id': 10163},{'Id': 182949}
600,182957,10163,48,{'Id': 10163},{'Id': 182957}
601,183136,10163,40,{'Id': 10163},{'Id': 183136}
602,183320,10163,43,{'Id': 10163},{'Id': 183320}
603,244258,10163,42,{'Id': 10163},{'Id': 244258}
604,104962,10164,21,{'Id': 10164},{'Id': 104962}
605,121666,10164,49,{'Id': 10164},{'Id': 121666}
606,181097,10164,36,{'Id': 10164},{'Id': 181097}
607,184600,10164,45,{'Id': 10164},{'Id': 184600}
608,184668,10164,25,{'Id': 10164},{'Id': 184668}
609,321268,10164,24,{'Id': 10164},{'Id': 321268}
610,323522,10164,49,{'Id': 10164},{'Id': 323522}
611,7002824,10164,39,{'Id': 10164},{'Id': 7002824}
612,121108,10165,44,{'Id': 10165},{'Id': 121108}
613,123148,10165,34,{'Id': 10165},{'Id': 123148}
614,123891,10165,27,{'Id': 10165},{'Id': 123891}
615,124473,10165,48,{'Id': 10165},{'Id': 124473}
616,182238,10165,29,{'Id': 10165},{'Id': 182238}
617,182319,10165,46,{'Id': 10165},{'Id': 182319}
618,182432,10165,31,{'Id': 10165},{'Id': 182432}
619,183232,10165,47,{'Id': 10165},{'Id': 183232}
620,183259,10165,50,{'Id': 10165},{'Id': 183259}
621,184027,10165,28,{'Id': 10165},{'Id': 184027}
622,241444,10165,25,{'Id': 10165},{'Id': 241444}
623,242300,10165,32,{'Id': 10165},{'Id': 242300}
624,242840,10165,27,{'Id': 10165},{'Id': 242840}
625,244048,10165,24,{'Id': 10165},{'Id': 244048}
626,322509,10165,48,{'Id': 10165},{'Id': 322509}
627,323207,10165,44,{'Id': 10165},{'Id': 323207}
628,501392,10165,48,{'Id': 10165},{'Id': 501392}
629,501514,10165,38,{'Id': 10165},{'Id': 501514}
630,183140,10166,43,{'Id': 10166},{'Id': 183140}
631,184522,10166,26,{'Id': 10166},{'Id': 184522}
632,7001938,10166,29,{'Id': 10166},{'Id': 7001938}
633,104757,10167,44,{'Id': 10167},{'Id': 104757}
634,181662,10167,43,{'Id': 10167},{'Id': 181662}
635,183029,10167,46,{'Id': 10167},{'Id': 183029}
636,183856,10167,34,{'Id': 10167},{'Id': 183856}
637,242011,10167,33,{'Id': 10167},{'Id': 242011}
638,242841,10167,21,{'Id': 10167},{'Id': 242841}
639,243151,10167,20,{'Id': 10167},{'Id': 243151}
640,243420,10167,32,{'Id': 10167},{'Id': 243420}
641,243816,10167,29,{'Id': 10167},{'Id': 243816}
642,7001138,10167,43,{'Id': 10167},{'Id': 7001138}
643,7002047,10167,29,{'Id': 10167},{'Id': 7002047}
644,7002610,10167,46,{'Id': 10167},{'Id': 7002610}
645,7003505,10167,24,{'Id': 10167},{'Id': 7003505}
646,7003962,10167,28,{'Id': 10167},{'Id': 7003962}
647,721253,10167,40,{'Id': 10167},{'Id': 721253}
648,723212,10167,38,{'Id': 10167},{'Id': 723212}
649,101678,10168,36,{'Id': 10168},{'Id': 101678}
650,102016,10168,27,{'Id': 10168},{'Id': 102016}
651,104698,10168,20,{'Id': 10168},{'Id': 104698}
652,182581,10168,21,{'Id': 10168},{'Id': 182581}
653,182625,10168,46,{'Id': 10168},{'Id': 182625}
654,241578,10168,50,{'Id': 10168},{'Id': 241578}
655,241785,10168,49,{'Id': 10168},{'Id': 241785}
656,242000,10168,29,{'Id': 10168},{'Id': 242000}
657,243949,10168,27,{'Id': 10168},{'Id': 243949}
658,244278,10168,48,{'Id': 10168},{'Id': 244278}
659,321374,10168,28,{'Id': 10168},{'Id': 321374}
660,324289,10168,31,{'Id': 10168},{'Id': 324289}
661,501341,10168,48,{'Id': 10168},{'Id': 501341}
662,7001691,10168,28,{'Id': 10168},{'Id': 7001691}
663,7002466,10168,31,{'Id': 10168},{'Id': 7002466}
664,7002834,10168,36,{'Id': 10168},{'Id': 7002834}
665,7003167,10168,48,{'Id': 10168},{'Id': 7003167}
666,7004002,10168,39,{'Id': 10168},{'Id': 7004002}
667,121099,10169,30,{'Id': 10169},{'Id': 121099}
668,122823,10169,35,{'Id': 10169},{'Id': 122823}
669,123990,10169,36,{'Id': 10169},{'Id': 123990}
670,183278,10169,32,{'Id': 10169},{'Id': 183278}
671,183482,10169,36,{'Id': 10169},{'Id': 183482}
672,183782,10169,38,{'Id': 10169},{'Id': 183782}
673,184721,10169,33,{'Id': 10169},{'Id': 184721}
674,242360,10169,38,{'Id': 10169},{'Id': 242360}
675,243371,10169,34,{'Id': 10169},{'Id': 243371}
676,244620,10169,24,{'Id': 10169},{'Id': 244620}
677,322206,10169,26,{'Id': 10169},{'Id': 322206}
678,324485,10169,34,{'Id': 10169},{'Id': 324485}
679,504713,10169,48,{'Id': 10169},{'Id': 504713}
680,123380,10170,47,{'Id': 10170},{'Id': 123380}
681,124675,10170,41,{'Id': 10170},{'Id': 124675}
682,181889,10170,20,{'Id': 10170},{'Id': 181889}
683,243856,10170,34,{'Id': 10170},{'Id': 243856}
684,181129,10171,35,{'Id': 10171},{'Id': 181129}
685,181984,10171,35,{'Id': 10171},{'Id': 181984}
686,183232,10171,39,{'Id': 10171},{'Id': 183232}
687,242972,10171,36,{'Id': 10171},{'Id': 242972}
688,181589,10172,42,{'Id': 10172},{'Id': 181589}
689,182870,10172,39,{'Id': 10172},{'Id': 182870}
690,183685,10172,48,{'Id': 10172},{'Id': 183685}
691,241046,10172,32,{'Id': 10172},{'Id': 241046}
692,241628,10172,34,{'Id': 10172},{'Id': 241628}
693,242766,10172,22,{'Id': 10172},{'Id': 242766}
694,243191,10172,24,{'Id': 10172},{'Id': 243191}
695,243432,10172,22,{'Id': 10172},{'Id': 243432}
696,181342,10173,43,{'Id': 10173},{'Id': 181342}
697,181367,10173,48,{'Id': 10173},{'Id': 181367}
698,181749,10173,24,{'Id': 10173},{'Id': 181749}
699,182248,10173,26,{'Id': 10173},{'Id': 182248}
700,182325,10173,31,{'Id': 10173},{'Id': 182325}
701,182795,10173,22,{'Id': 10173},{'Id': 182795}
702,182957,10173,28,{'Id': 10173},{'Id': 182957}
703,183136,10173,31,{'Id': 10173},{'Id': 183136}
704,183320,10173,29,{'Id': 10173},{'Id': 183320}
705,184409,10173,21,{'Id': 10173},{'Id': 184409}
706,184933,10173,39,{'Id': 10173},{'Id': 184933}
707,241937,10173,31,{'Id': 10173},{'Id': 241937}
708,242022,10173,27,{'Id': 10173},{'Id': 242022}
709,242887,10173,23,{'Id': 10173},{'Id': 242887}
710,243969,10173,35,{'Id': 10173},{'Id': 243969}
711,244258,10173,22,{'Id': 10173},{'Id': 244258}
712,101949,10174,34,{'Id': 10174},{'Id': 101949}
713,121666,10174,43,{'Id': 10174},{'Id': 121666}
714,181097,10174,48,{'Id': 10174},{'Id': 181097}
715,182949,10174,46,{'Id': 10174},{'Id': 182949}
716,184668,10174,49,{'Id': 10174},{'Id': 184668}
717,104962,10175,33,{'Id': 10175},{'Id': 104962}
718,124473,10175,26,{'Id': 10175},{'Id': 124473}
719,182319,10175,48,{'Id': 10175},{'Id': 182319}
720,182432,10175,41,{'Id': 10175},{'Id': 182432}
721,183232,10175,29,{'Id': 10175},{'Id': 183232}
722,184600,10175,47,{'Id': 10175},{'Id': 184600}
723,242300,10175,28,{'Id': 10175},{'Id': 242300}
724,242840,10175,37,{'Id': 10175},{'Id': 242840}
725,321268,10175,22,{'Id': 10175},{'Id': 321268}
726,322509,10175,50,{'Id': 10175},{'Id': 322509}
727,323522,10175,29,{'Id': 10175},{'Id': 323522}
728,7002824,10175,42,{'Id': 10175},{'Id': 7002824}
729,121108,10176,33,{'Id': 10176},{'Id': 121108}
730,123148,10176,47,{'Id': 10176},{'Id': 123148}
731,123891,10176,50,{'Id': 10176},{'Id': 123891}
732,182238,10176,20,{'Id': 10176},{'Id': 182238}
733,184027,10176,36,{'Id': 10176},{'Id': 184027}
734,241444,10176,27,{'Id': 10176},{'Id': 241444}
735,244048,10176,29,{'Id': 10176},{'Id': 244048}
736,323207,10176,22,{'Id': 10176},{'Id': 323207}
737,501392,10176,23,{'Id': 10176},{'Id': 501392}
738,501514,10176,38,{'Id': 10176},{'Id': 501514}
739,183140,10177,23,{'Id': 10177},{'Id': 183140}
740,183259,10177,29,{'Id': 10177},{'Id': 183259}
741,184522,10177,35,{'Id': 10177},{'Id': 184522}
742,242011,10177,50,{'Id': 10177},{'Id': 242011}
743,243151,10177,45,{'Id': 10177},{'Id': 243151}
744,7001138,10177,24,{'Id': 10177},{'Id': 7001138}
745,7001938,10177,31,{'Id': 10177},{'Id': 7001938}
746,7002610,10177,32,{'Id': 10177},{'Id': 7002610}
747,7003505,10177,44,{'Id': 10177},{'Id': 7003505}
748,7003962,10177,24,{'Id': 10177},{'Id': 7003962}
749,723212,10177,40,{'Id': 10177},{'Id': 723212}
750,104757,10178,24,{'Id': 10178},{'Id': 104757}
751,181662,10178,42,{'Id': 10178},{'Id': 181662}
752,183029,10178,41,{'Id': 10178},{'Id': 183029}
753,183856,10178,48,{'Id': 10178},{'Id': 183856}
754,242841,10178,34,{'Id': 10178},{'Id': 242841}
755,243420,10178,27,{'Id': 10178},{'Id': 243420}
756,243816,10178,21,{'Id': 10178},{'Id': 243816}
757,243949,10178,30,{'Id': 10178},{'Id': 243949}
758,7002047,10178,34,{'Id': 10178},{'Id': 7002047}
759,7002466,10178,22,{'Id': 10178},{'Id': 7002466}
760,7004002,10178,45,{'Id': 10178},{'Id': 7004002}
761,721253,10178,45,{'Id': 10178},{'Id': 721253}
762,182581,10179,24,{'Id': 10179},{'Id': 182581}
763,241785,10179,47,{'Id': 10179},{'Id': 241785}
764,244278,10179,27,{'Id': 10179},{'Id': 244278}
765,321374,10179,45,{'Id': 10179},{'Id': 321374}
766,324289,10179,24,{'Id': 10179},{'Id': 324289}
767,501341,10179,34,{'Id': 10179},{'Id': 501341}
768,7001691,10179,23,{'Id': 10179},{'Id': 7001691}
769,7002834,10179,25,{'Id': 10179},{'Id': 7002834}
770,7003167,10179,39,{'Id': 10179},{'Id': 7003167}
771,101678,10180,29,{'Id': 10180},{'Id': 101678}
772,102016,10180,42,{'Id': 10180},{'Id': 102016}
773,104698,10180,41,{'Id': 10180},{'Id': 104698}
774,122823,10180,40,{'Id': 10180},{'Id': 122823}
775,182625,10180,25,{'Id': 10180},{'Id': 182625}
776,183782,10180,21,{'Id': 10180},{'Id': 183782}
777,184721,10180,44,{'Id': 10180},{'Id': 184721}
778,241578,10180,48,{'Id': 10180},{'Id': 241578}
779,242000,10180,28,{'Id': 10180},{'Id': 242000}
780,242360,10180,35,{'Id': 10180},{'Id': 242360}
781,244620,10180,28,{'Id': 10180},{'Id': 244620}
782,322206,10180,34,{'Id': 10180},{'Id': 322206}
783,324485,10180,22,{'Id': 10180},{'Id': 324485}
784,504713,10180,21,{'Id': 10180},{'Id': 504713}
785,121099,10181,27,{'Id': 10181},{'Id': 121099}
786,123380,10181,28,{'Id': 10181},{'Id': 123380}
787,123990,10181,20,{'Id': 10181},{'Id': 123990}
788,124675,10181,36,{'Id': 10181},{'Id': 124675}
789,181129,10181,44,{'Id': 10181},{'Id': 181129}
790,181589,10181,42,{'Id': 10181},{'Id': 181589}
791,181889,10181,22,{'Id': 10181},{'Id': 181889}
792,181984,10181,21,{'Id': 10181},{'Id': 181984}
793,182870,10181,27,{'Id': 10181},{'Id': 182870}
794,183232,10181,45,{'Id': 10181},{'Id': 183232}
795,183278,10181,30,{'Id': 10181},{'Id': 183278}
796,183482,10181,22,{'Id': 10181},{'Id': 183482}
797,183685,10181,39,{'Id': 10181},{'Id': 183685}
798,241628,10181,34,{'Id': 10181},{'Id': 241628}
799,242972,10181,37,{'Id': 10181},{'Id': 242972}
800,243371,10181,23,{'Id': 10181},{'Id': 243371}
801,243856,10181,25,{'Id': 10181},{'Id': 243856}
802,181342,10182,25,{'Id': 10182},{'Id': 181342}
803,181367,10182,32,{'Id': 10182},{'Id': 181367}
804,181749,10182,44,{'Id': 10182},{'Id': 181749}
805,182248,10182,38,{'Id': 10182},{'Id': 182248}
806,182325,10182,20,{'Id': 10182},{'Id': 182325}
807,182795,10182,21,{'Id': 10182},{'Id': 182795}
808,183320,10182,33,{'Id': 10182},{'Id': 183320}
809,184409,10182,36,{'Id': 10182},{'Id': 184409}
810,184933,10182,44,{'Id': 10182},{'Id': 184933}
811,241046,10182,47,{'Id': 10182},{'Id': 241046}
812,241937,10182,39,{'Id': 10182},{'Id': 241937}
813,242022,10182,31,{'Id': 10182},{'Id': 242022}
814,242766,10182,36,{'Id': 10182},{'Id': 242766}
815,242887,10182,20,{'Id': 10182},{'Id': 242887}
816,243191,10182,33,{'Id': 10182},{'Id': 243191}
817,243432,10182,49,{'Id': 10182},{'Id': 243432}
818,243969,10182,23,{'Id': 10182},{'Id': 243969}
819,101949,10183,23,{'Id': 10183},{'Id': 101949}
820,104962,10183,28,{'Id': 10183},{'Id': 104962}
821,121666,10183,41,{'Id': 10183},{'Id': 121666}
822,181097,10183,21,{'Id': 10183},{'Id': 181097}
823,182949,10183,37,{'Id': 10183},{'Id': 182949}
824,182957,10183,39,{'Id': 10183},{'Id': 182957}
825,183136,10183,22,{'Id': 10183},{'Id': 183136}
826,184600,10183,21,{'Id': 10183},{'Id': 184600}
827,184668,10183,40,{'Id': 10183},{'Id': 184668}
828,244258,10183,47,{'Id': 10183},{'Id': 244258}
829,323522,10183,49,{'Id': 10183},{'Id': 323522}
830,7002824,10183,23,{'Id': 10183},{'Id': 7002824}
831,124473,10184,37,{'Id': 10184},{'Id': 124473}
832,182238,10184,46,{'Id': 10184},{'Id': 182238}
833,182319,10184,46,{'Id': 10184},{'Id': 182319}
834,182432,10184,44,{'Id': 10184},{'Id': 182432}
835,183232,10184,28,{'Id': 10184},{'Id': 183232}
836,241444,10184,31,{'Id': 10184},{'Id': 241444}
837,242300,10184,24,{'Id': 10184},{'Id': 242300}
838,242840,10184,42,{'Id': 10184},{'Id': 242840}
839,244048,10184,49,{'Id': 10184},{'Id': 244048}
840,321268,10184,46,{'Id': 10184},{'Id': 321268}
841,322509,10184,33,{'Id': 10184},{'Id': 322509}
842,323207,10184,48,{'Id': 10184},{'Id': 323207}
843,501392,10184,45,{'Id': 10184},{'Id': 501392}
844,121108,10185,21,{'Id': 10185},{'Id': 121108}
845,123148,10185,33,{'Id': 10185},{'Id': 123148}
846,123891,10185,43,{'Id': 10185},{'Id': 123891}
847,183140,10185,28,{'Id': 10185},{'Id': 183140}
848,183259,10185,49,{'Id': 10185},{'Id': 183259}
849,184027,10185,39,{'Id': 10185},{'Id': 184027}
850,184522,10185,47,{'Id': 10185},{'Id': 184522}
851,242011,10185,30,{'Id': 10185},{'Id': 242011}
852,243151,10185,33,{'Id': 10185},{'Id': 243151}
853,501514,10185,20,{'Id': 10185},{'Id': 501514}
854,7001138,10185,21,{'Id': 10185},{'Id': 7001138}
855,7001938,10185,30,{'Id': 10185},{'Id': 7001938}
856,7002610,10185,39,{'Id': 10185},{'Id': 7002610}
857,7003505,10185,37,{'Id': 10185},{'Id': 7003505}
858,7003962,10185,22,{'Id': 10185},{'Id': 7003962}
859,723212,10185,28,{'Id': 10185},{'Id': 723212}
860,104757,10186,26,{'Id': 10186},{'Id': 104757}
861,181662,10186,32,{'Id': 10186},{'Id': 181662}
862,183029,10186,32,{'Id': 10186},{'Id': 183029}
863,183856,10186,46,{'Id': 10186},{'Id': 183856}
864,242841,10186,22,{'Id': 10186},{'Id': 242841}
865,243420,10186,21,{'Id': 10186},{'Id': 243420}
866,243816,10186,36,{'Id': 10186},{'Id': 243816}
867,7002047,10186,24,{'Id': 10186},{'Id': 7002047}
868,721253,10186,28,{'Id': 10186},{'Id': 721253}
869,182581,10187,45,{'Id': 10187},{'Id': 182581}
870,241785,10187,46,{'Id': 10187},{'Id': 241785}
871,243949,10187,43,{'Id': 10187},{'Id': 243949}
872,244278,10187,33,{'Id': 10187},{'Id': 244278}
873,324289,10187,31,{'Id': 10187},{'Id': 324289}
874,501341,10187,41,{'Id': 10187},{'Id': 501341}
875,7001691,10187,34,{'Id': 10187},{'Id': 7001691}
876,7002466,10187,44,{'Id': 10187},{'Id': 7002466}
877,7003167,10187,34,{'Id': 10187},{'Id': 7003167}
878,7004002,10187,44,{'Id': 10187},{'Id': 7004002}
879,101678,10188,48,{'Id': 10188},{'Id': 101678}
880,102016,10188,38,{'Id': 10188},{'Id': 102016}
881,104698,10188,45,{'Id': 10188},{'Id': 104698}
882,182625,10188,32,{'Id': 10188},{'Id': 182625}
883,241578,10188,25,{'Id': 10188},{'Id': 241578}
884,242000,10188,40,{'Id': 10188},{'Id': 242000}
885,321374,10188,44,{'Id': 10188},{'Id': 321374}
886,7002834,10188,29,{'Id': 10188},{'Id': 7002834}
887,122823,10189,28,{'Id': 10189},{'Id': 122823}
888,242360,10190,42,{'Id': 10190},{'Id': 242360}
889,322206,10190,46,{'Id': 10190},{'Id': 322206}
890,324485,10190,42,{'Id': 10190},{'Id': 324485}
891,504713,10190,40,{'Id': 10190},{'Id': 504713}
892,121099,10191,21,{'Id': 10191},{'Id': 121099}
893,123380,10191,40,{'Id': 10191},{'Id': 123380}
894,123990,10191,30,{'Id': 10191},{'Id': 123990}
895,183278,10191,36,{'Id': 10191},{'Id': 183278}
896,183482,10191,23,{'Id': 10191},{'Id': 183482}
897,183782,10191,43,{'Id': 10191},{'Id': 183782}
898,184721,10191,32,{'Id': 10191},{'Id': 184721}
899,243371,10191,48,{'Id': 10191},{'Id': 243371}
900,244620,10191,44,{'Id': 10191},{'Id': 244620}
901,124675,10192,27,{'Id': 10192},{'Id': 124675}
902,181129,10192,22,{'Id': 10192},{'Id': 181129}
903,181589,10192,29,{'Id': 10192},{'Id': 181589}
904,181889,10192,45,{'Id': 10192},{'Id': 181889}
905,181984,10192,47,{'Id': 10192},{'Id': 181984}
906,182870,10192,38,{'Id': 10192},{'Id': 182870}
907,183232,10192,26,{'Id': 10192},{'Id': 183232}
908,183685,10192,45,{'Id': 10192},{'Id': 183685}
909,241046,10192,37,{'Id': 10192},{'Id': 241046}
910,241628,10192,47,{'Id': 10192},{'Id': 241628}
911,242766,10192,46,{'Id': 10192},{'Id': 242766}
912,242887,10192,23,{'Id': 10192},{'Id': 242887}
913,242972,10192,30,{'Id': 10192},{'Id': 242972}
914,243191,10192,32,{'Id': 10192},{'Id': 243191}
915,243432,10192,46,{'Id': 10192},{'Id': 243432}
916,243856,10192,45,{'Id': 10192},{'Id': 243856}
917,181342,10193,28,{'Id': 10193},{'Id': 181342}
918,181367,10193,46,{'Id': 10193},{'Id': 181367}
919,181749,10193,21,{'Id': 10193},{'Id': 181749}
920,182248,10193,42,{'Id': 10193},{'Id': 182248}
921,182325,10193,44,{'Id': 10193},{'Id': 182325}
922,182795,10193,22,{'Id': 10193},{'Id': 182795}
923,182949,10193,28,{'Id': 10193},{'Id': 182949}
924,182957,10193,24,{'Id': 10193},{'Id': 182957}
925,183136,10193,23,{'Id': 10193},{'Id': 183136}
926,183320,10193,32,{'Id': 10193},{'Id': 183320}
927,184409,10193,24,{'Id': 10193},{'Id': 184409}
928,184933,10193,25,{'Id': 10193},{'Id': 184933}
929,241937,10193,26,{'Id': 10193},{'Id': 241937}
930,242022,10193,20,{'Id': 10193},{'Id': 242022}
931,243969,10193,22,{'Id': 10193},{'Id': 243969}
932,244258,10193,20,{'Id': 10193},{'Id': 244258}
933,101949,10194,42,{'Id': 10194},{'Id': 101949}
934,104962,10194,26,{'Id': 10194},{'Id': 104962}
935,121666,10194,38,{'Id': 10194},{'Id': 121666}
936,181097,10194,21,{'Id': 10194},{'Id': 181097}
937,182432,10194,45,{'Id': 10194},{'Id': 182432}
938,184600,10194,32,{'Id': 10194},{'Id': 184600}
939,184668,10194,41,{'Id': 10194},{'Id': 184668}
940,242300,10194,49,{'Id': 10194},{'Id': 242300}
941,321268,10194,37,{'Id': 10194},{'Id': 321268}
942,323522,10194,39,{'Id': 10194},{'Id': 323522}
943,7002824,10194,26,{'Id': 10194},{'Id': 7002824}
944,124473,10195,49,{'Id': 10195},{'Id': 124473}
945,182238,10195,27,{'Id': 10195},{'Id': 182238}
946,182319,10195,35,{'Id': 10195},{'Id': 182319}
947,183232,10195,50,{'Id': 10195},{'Id': 183232}
948,241444,10195,44,{'Id': 10195},{'Id': 241444}
949,242840,10195,32,{'Id': 10195},{'Id': 242840}
950,244048,10195,34,{'Id': 10195},{'Id': 244048}
951,322509,10195,32,{'Id': 10195},{'Id': 322509}
952,323207,10195,33,{'Id': 10195},{'Id': 323207}
953,501392,10195,49,{'Id': 10195},{'Id': 501392}
954,121108,10196,47,{'Id': 10196},{'Id': 121108}
955,123148,10196,24,{'Id': 10196},{'Id': 123148}
956,123891,10196,38,{'Id': 10196},{'Id': 123891}
957,183140,10196,49,{'Id': 10196},{'Id': 183140}
958,183259,10196,35,{'Id': 10196},{'Id': 183259}
959,184027,10196,27,{'Id': 10196},{'Id': 184027}
960,501514,10196,46,{'Id': 10196},{'Id': 501514}
961,7001938,10196,50,{'Id': 10196},{'Id': 7001938}
962,104757,10197,45,{'Id': 10197},{'Id': 104757}
963,183029,10197,46,{'Id': 10197},{'Id': 183029}
964,183856,10197,22,{'Id': 10197},{'Id': 183856}
965,184522,10197,50,{'Id': 10197},{'Id': 184522}
966,242011,10197,41,{'Id': 10197},{'Id': 242011}
967,243151,10197,47,{'Id': 10197},{'Id': 243151}
968,243816,10197,22,{'Id': 10197},{'Id': 243816}
969,7001138,10197,23,{'Id': 10197},{'Id': 7001138}
970,7002047,10197,24,{'Id': 10197},{'Id': 7002047}
971,7002610,10197,50,{'Id': 10197},{'Id': 7002610}
972,7003505,10197,27,{'Id': 10197},{'Id': 7003505}
973,7003962,10197,35,{'Id': 10197},{'Id': 7003962}
974,721253,10197,29,{'Id': 10197},{'Id': 721253}
975,723212,10197,42,{'Id': 10197},{'Id': 723212}
976,181662,10198,42,{'Id': 10198},{'Id': 181662}
977,242841,10198,48,{'Id': 10198},{'Id': 242841}
978,243420,10198,27,{'Id': 10198},{'Id': 243420}
979,243949,10198,43,{'Id': 10198},{'Id': 243949}
980,7002466,10198,42,{'Id': 10198},{'Id': 7002466}
981,7004002,10198,40,{'Id': 10198},{'Id': 7004002}
982,501341,10199,29,{'Id': 10199},{'Id': 501341}
983,7001691,10199,48,{'Id': 10199},{'Id': 7001691}
984,7003167,10199,38,{'Id': 10199},{'Id': 7003167}
985,182581,10200,28,{'Id': 10200},{'Id': 182581}
986,241785,10200,33,{'Id': 10200},{'Id': 241785}
987,244278,10200,39,{'Id': 10200},{'Id': 244278}
988,321374,10200,35,{'Id': 10200},{'Id': 321374}
989,324289,10200,27,{'Id': 10200},{'Id': 324289}
990,7002834,10200,39,{'Id': 10200},{'Id': 7002834}
991,101678,10201,22,{'Id': 10201},{'Id': 101678}
992,102016,10201,24,{'Id': 10201},{'Id': 102016}
993,104698,10201,49,{'Id': 10201},{'Id': 104698}
994,122823,10201,25,{'Id': 10201},{'Id': 122823}
995,182625,10201,30,{'Id': 10201},{'Id': 182625}
996,241578,10201,39,{'Id': 10201},{'Id': 241578}
997,242000,10201,25,{'Id': 10201},{'Id': 242000}
998,183782,10202,30,{'Id': 10202},{'Id': 183782}
999,184721,10202,43,{'Id': 10202},{'Id': 184721}
1000,242360,10202,50,{'Id': 10202},{'Id': 242360}
1001,244620,10202,50,{'Id': 10202},{'Id': 244620}
1002,322206,10202,27,{'Id': 10202},{'Id': 322206}
1003,324485,10202,31,{'Id': 10202},{'Id': 324485}
1004,504713,10202,40,{'Id': 10202},{'Id': 504713}
1005,121099,10203,20,{'Id': 10203},{'Id': 121099}
1006,123380,10203,20,{'Id': 10203},{'Id': 123380}
1007,123990,10203,44,{'Id': 10203},{'Id': 123990}
1008,124675,10203,47,{'Id': 10203},{'Id': 124675}
1009,181889,10203,45,{'Id': 10203},{'Id': 181889}
1010,183232,10203,48,{'Id': 10203},{'Id': 183232}
1011,183278,10203,33,{'Id': 10203},{'Id': 183278}
1012,183482,10203,32,{'Id': 10203},{'Id': 183482}
1013,242972,10203,21,{'Id': 10203},{'Id': 242972}
1014,243371,10203,34,{'Id': 10203},{'Id': 243371}
1015,243856,10203,47,{'Id': 10203},{'Id': 243856}
1016,181129,10204,42,{'Id': 10204},{'Id': 181129}
1017,181589,10204,40,{'Id': 10204},{'Id': 181589}
1018,181749,10204,33,{'Id': 10204},{'Id': 181749}
1019,181984,10204,38,{'Id': 10204},{'Id': 181984}
1020,182248,10204,23,{'Id': 10204},{'Id': 182248}
1021,182325,10204,26,{'Id': 10204},{'Id': 182325}
1022,182870,10204,27,{'Id': 10204},{'Id': 182870}
1023,183685,10204,35,{'Id': 10204},{'Id': 183685}
1024,184409,10204,29,{'Id': 10204},{'Id': 184409}
1025,184933,10204,45,{'Id': 10204},{'Id': 184933}
1026,241046,10204,20,{'Id': 10204},{'Id': 241046}
1027,241628,10204,45,{'Id': 10204},{'Id': 241628}
1028,242766,10204,47,{'Id': 10204},{'Id': 242766}
1029,242887,10204,42,{'Id': 10204},{'Id': 242887}
1030,243191,10204,40,{'Id': 10204},{'Id': 243191}
1031,243432,10204,48,{'Id': 10204},{'Id': 243432}
1032,243969,10204,39,{'Id': 10204},{'Id': 243969}
1033,181342,10205,36,{'Id': 10205},{'Id': 181342}
1034,181367,10205,48,{'Id': 10205},{'Id': 181367}
1035,182795,10205,40,{'Id': 10205},{'Id': 182795}
1036,241937,10205,32,{'Id': 10205},{'Id': 241937}
1037,242022,10205,24,{'Id': 10205},{'Id': 242022}
